Workbook

Sheet Overview
B2: Assessment Week — Hybrid Tactical + Climber
B3: Age 34 • MAF cap = 146 bpm
B5: How to use
B6: 1. | C6: Fill in yellow cells as you complete each test. Green cells auto-compute.
B7: 2. | C7: Don't push true 1RMs — use 3-5RM and let the formula estimate. Safer and easier to repeat.
B8: 3. | C8: If a day feels off (RHR up, sleep <6h), shift it. Re-test the same protocol on the next available day.
B9: 4. | C9: Same protocols, same equipment, same conditions on every re-test. Consistency > heroics.
B10: 5. | C10: When the week is done, the Summary tab is your baseline. We'll program off it for the next 6-12 weeks.
B12: Week at a glance
B13: Day | C13: Session
B14: Mon | C14: Lower-body strength (Back Squat + Deadlift 3-5RM)
B15: Tue | C15: MAF Test (30 min @ 146 bpm, recorded modality)
B16: Wed | C16: Upper-body strength (Bench, Press, Pull-ups, Weighted Pull-up)
B17: Thu | C17: Finger strength (Lattice 20mm hang test) + antagonist recovery
B18: Fri | C18: Power (Power Clean + Front Squat 3-5RM) + 2000m row TT
B19: Sat | C19: Loaded mountain test (pack hike @ 75% MHR)
B20: Sun | C20: Stillness — bodyweight, RHR avg, mobility screen
B22: Legend
B23: Yellow cell | C23: You fill this in
B24: Green cell | C24: Auto-computed from yellow cells (do not edit)

Sheet Day 1 - Lower
B2: Day 1 — Lower-body strength
B3: Warm-up: 10-min easy bike + 2 rounds Six-Way BB Complex unloaded.
B5: Bodyweight (lb): | C5: 177
B7: Strength tests (3-5RM each)
B8: Lift | C8: Weight (lb) | D8: Reps | E8: Est. 1RM (Epley) | F8: RPE (1-10) | G8: Notes / target
B9: Ramp warm-up: bar x 5, then +45/65/85/105/etc until you're 1-2 jumps from your max-reps weight. Top set: 3-5 clean reps. Stop when reps would slow or break form. Leave 0-1 reps in reserve.
B10: Epley estimate: 1RM = Weight × (1 + Reps/30). Best for 3-10 rep range; less accurate at very low reps.
B12: Back Squat | C12: 235 | D12: 3 | E12: =IF(AND(ISNUMBER(C12),ISNUMBER(D12)),ROUND(C12*(1+D12/30),0),"") | F12: 9 | G12: Stop on first slow rep
B13: Deadlift | C13: 315 | D13: 2 | E13: =IF(AND(ISNUMBER(C13),ISNUMBER(D13)),ROUND(C13*(1+D13/30),0),"") | F13: 10 | G13: 1 work set only — heaviest stress lift
B16: Session notes (sleep, energy, bar speed):
B17: Between 7-8 hours of sleep the night before. Energy felt good. I was able to move the bar really well on back squats. On deadlift I reached my max pretty fast. I failed a 3rd rep on 315, only achieving 2 completed reps, with the bar barely being pulled off the ground.

Sheet Day 2 - MAF
B2: Day 2 — MAF aerobic baseline
B3: 30 min continuous at exactly 146 bpm (180−34). Pick ONE modality and stay with it across re-tests.
B5: Modality (run / bike / ruck): | C5: run
B6: HR cap (bpm): | C6: 146
B8: 30-min MAF test
B9: Metric | C9: Value | D9: Unit | G9: Notes
B10: Warm up 10-15 min — gradually raise HR. The test starts when you hit 146 bpm. Hold ≤146 the whole 30 min (slow down or walk if you spike).
B11: On running: pace will probably feel embarrassingly slow the first few months. That's the point. Same test in 6-8 wks will show a faster pace at the same HR.
B12: If you don't have an HR monitor, use nose-breathing-only as a proxy: pace where you can breathe through your nose the whole way.
B14: Total distance (mi) | C14: 2.26 | D14: mi
B15: Total elevation gain (ft) | C15: 121 | D15: ft
B16: Average pace (min/mi) | C16: 0.57152778 | D16: min/mi
B17: Average HR (bpm) | C17: 146 | D17: bpm
B18: Felt-effort RPE (1-10) | C18: 5 | D18: rpe
B20: Session notes:
B21: 8 hours of sleep the night before. Relatively easy run. Stayed in Zone 2 most of the run. Had plenty of energy leftover after the run.

Sheet Day 3 - Upper
B2: Day 3 — Upper-body strength + pulling
B3: Warm-up: 10 min easy row + scapular activation + band pull-aparts.
B5: Bodyweight (lb): | C5: 177
B7: Strength tests (3-5RM)
B8: Lift | C8: Weight (lb) | D8: Reps | E8: Est. 1RM (Epley) | F8: RPE (1-10) | G8: Notes
B10: Bench Press | C10: 165 | D10: 3 | E10: =IF(AND(ISNUMBER(C10),ISNUMBER(D10)),ROUND(C10*(1+D10/30),0),"") | F10: 9 | G10: Pause on chest
B11: Strict Press (Standing OHP) | C11: 115 | D11: 2 | E11: =IF(AND(ISNUMBER(C11),ISNUMBER(D11)),ROUND(C11*(1+D11/30),0),"") | F11: 10 | G11: No leg drive
B14: Pull-up tests
B15: Test | C15: Reps | D15: Weight added (lb) | E15: Est. 1RM | F15: RPE | G15: Notes
B17: Max strict pull-ups (no weight) | C17: 10 | F17: 10 | G17: Full ROM, dead hang to chin over bar
B18: Weighted pull-up 3RM | C18: 3 | D18: 15 | E18: =IF(AND(ISNUMBER(D18),ISNUMBER(C5)),ROUND((C5+D18)*(1+C18/30),0),"") | F18: 9 | G18: Total = BW + added
B20: Session notes:
B21: 8 hours of sleep the night before. Was able to maintain a good pace on moving the bar for both bench press and strict press until I found my limit. Pull-up test the same. Felt like I was able to max out bodyweight strict pull-ups. Added weight in 5lb increments for the 3RM.

Sheet Day 4 - Finger
B2: Day 4 — Finger strength + active recovery
B3: No climbing wall access — Lattice 20mm hang test only, then antagonist/prehab.
B5: Bodyweight (lb): | C5: 177
B7: Lattice 20mm 2-arm dead-hang test
B8: Test | C8: Value | D8: Unit | E8: Computed | G8: Notes
B9: Protocol: warm up shoulders + fingers (~15 min). Hang from 20mm edge, half-crimp, arms straight, shoulders engaged.
B10: Step 1: max bodyweight hang time. Step 2: add weight in 5-lb increments with 3-5 min rest. Find max added weight where you can hold 7s clean.
B11: Half-crimp = first knuckle ~90°, second straight or slightly extended. Full crimp / open hand are different tests.
B12: Re-test on same day-of-week, same time-of-day, fresh CNS.
B14: Max BW hang time (sec) | C14: 12 | D14: sec | G14: Body-weight only
B15: Max added weight for 7s hang (lb) | C15: 15 | D15: lb | E15: =IFERROR(ROUND((C5+C15)/C5*100,1)&"% BW","") | G15: Total load as % of BW
B17: Lattice benchmark guide
B18: Load / BW | C18: Approx. climbing level
B19: <100% BW | C19: Beginner climber (5.10/V3)
B20: 100-130% BW | C20: Intermediate (5.11/V5)
B21: 130-160% BW | C21: Solid (5.12/V7)
B22: 160-180% BW | C22: Advanced (5.13/V9)
B23: >180% BW | C23: Elite (5.14+/V11+)
B25: Antagonist / prehab block (post-test)
B26: • Band external rotations — 3 x 12 each side
B27: • Scapular pull-ups (dead hang, no chin-up) — 3 x 10
B28: • Push-ups (narrow elbows) — 3 x 12-15
B29: • Wrist extensor curls (light DB or band) — 3 x 15
B30: • Hip flexor + thoracic mobility — 5 min

Sheet Day 5 - Power
B2: Day 5 — Power + work capacity
B3: Power lifts first (fresh CNS), then 2K row TT.
B5: Bodyweight (lb): | C5: 175
B7: Power lifts (3RM)
B8: Lift | C8: Weight (lb) | D8: Reps | E8: Est. 1RM (Epley) | F8: RPE | G8: Notes
B10: Power Clean | C10: 165 | D10: 3 | E10: =IF(AND(ISNUMBER(C10),ISNUMBER(D10)),ROUND(C10*(1+D10/30),0),"") | F10: 10 | G10: Catch high, no full squat
B11: Front Squat | C11: 225 | D11: 3 | E11: =IF(AND(ISNUMBER(C11),ISNUMBER(D11)),ROUND(C11*(1+D11/30),0),"") | F11: 10 | G11: Clean rack or cross-arm
B14: 2000m row time trial
B15: Metric | C15: Value | D15: Unit | G15: Notes
B16: Rest 10-15 min after the lifts. Go all-out for 2000m. Record time and avg watts/split.
B17: Gym Jones benchmarks: <8 min = fit; <7:30 = strong; <7:00 = excellent for general athletes.
B19: Time (mm:ss) | C19: 0.33611111 | D19: mm:ss
B20: Average split (per 500m) | C20: 0.084027778 | D20: mm:ss
B21: Average watts | C21: 197 | D21: W
B22: Peak HR | C22: 186 | D22: bpm
B23: RPE | C23: 10 | D23: 1-10

Sheet Day 6 - Mountain
B2: Day 6 — Loaded mountain baseline
B3: Pack hike @ 75% MHR or 35# ruck for distance.
B5: Bodyweight (lb): | C5: 175
B6: Estimated max HR (bpm): | C6: 186
B7: 75% MHR cap (bpm): | C7: =ROUND(C6*0.75,0)
B9: Option A — Hill pack hike
B10: Metric | C10: Value | D10: Unit | G10: Notes
B11: Pick a known local hill or trail with 500-1000 ft of gain. Maintain ≤75% MHR.
B12: Same trail, same pack weight, same HR cap on every re-test.
B14: Trail / hill name | D14: lb
B15: Pack weight (lb) | D15: lb
B16: Total time (mm:ss) | D16: mm:ss
B17: Total elevation gain (ft) | D17: ft
B18: Total distance (mi) | D18: mi
B19: Avg HR (bpm) | D19: bpm
B22: Option B — Flat 60-min ruck
B23: Metric | C23: Value | D23: Unit | G23: Notes
B24: Use if hill access isn't available. 60 minutes at 35# pack, push the pace.
B26: Pack weight (lb) | C26: 35 | D26: lb
B27: Total distance (mi) | C27: 4.38 | D27: mi
B28: Avg pace (min/mi) | C28: 0.57083333 | D28: min/mi
B29: Avg HR (bpm) | C29: 140 | D29: bpm

Sheet Day 7 - Stillness
B2: Day 7 — Stillness + body measurements
B3: Morning, fasted, post-pee. Quiet, no rush.
B5: Body composition
B6: Metric | C6: Value | D6: Unit | G6: Notes
B8: Bodyweight (morning, fasted) | C8: 175 | D8: lb
B9: Height | C9: 74 | D9: in
B10: Waist (at navel) | C10: 34 | D10: in
B11: Chest (across nipples) | C11: 38 | D11: in
B12: Thigh (mid-thigh, larger leg) | C12: 22 | D12: in
B13: Bicep (cold, flexed) | C13: 13.5 | D13: in
B16: Resting cardiovascular
B17: Metric | C17: Value | D17: Unit | G17: Notes
B19: Avg resting HR (last 7 days) | C19: 59 | D19: bpm
B20: Morning HR today | C20: 70 | D20: bpm
B21: HRV (if measured, ms) | C21: 47 | D21: ms
B24: Mobility screen
B25: Test | C25: Left | D25: Right | E25: Pass/Fail | G25: Notes
B26: Knee-to-wall: ankle dorsiflexion in cm/inches — toe to wall distance where knee still touches.
B27: Overhead squat hold: 10 sec at bottom, arms fully overhead. Note: clean / ugly / fail.
B28: Shoulder flexion lying: lying on back, raise arms overhead. Can hand touch floor without ribs flaring?
B30: Knee-to-wall (in) | C30: 5 | D30: 5 | E30: Pass
B31: Overhead squat 10s hold | C31: Clean | E31: Pass
B32: Shoulder flexion (supine) | C32: Pass | E32: Pass
B33: Couch stretch tolerance (min/side) | C33: 2 | D33: 2 | E33: Pass
B36: Week reflection (energy, sleep avg, anything notable):
B37: Energy was good all week. Slept on average 8 hours per night. Nothing else really notable.

Sheet Baseline Summary
B2: Baseline Summary
B3: Auto-pulled from each day tab. This is what we program off.
B5: Strength (est. 1RM)
B6: Back Squat | C6: ='Day 1 - Lower'!E12 | E6: Target: 2x BW back squat for Gym Jones strength phase entry
B7: Deadlift | C7: ='Day 1 - Lower'!E13 | E7: Target: 2x BW
B8: Bench Press | C8: ='Day 3 - Upper'!E10 | E8: Target: 1.25-1.5x BW for tactical/operator standard
B9: Strict Press | C9: ='Day 3 - Upper'!E11 | E9: Target: 0.75x BW
B10: Front Squat | C10: ='Day 5 - Power'!E11 | E10: Target: 1.5x BW for Gym Jones Strength Phase prereq
B11: Power Clean | C11: ='Day 5 - Power'!E10 | E11: Target: 1x BW
B12: Max strict pull-ups | C12: ='Day 3 - Upper'!C17 | E12: Target: 15+ for Gym Jones Operator IV/V
B13: Weighted Pull-up (est 1RM) | C13: ='Day 3 - Upper'!E18 | E13: Target: total = 1.5-2x BW
B15: Aerobic / work capacity
B16: MAF test distance (30 min) | C16: ='Day 2 - MAF'!C14 | E16: Re-test in 6 wks; faster pace at same HR = real aerobic gain
B17: MAF avg pace | C17: ='Day 2 - MAF'!C16
B18: 2K row time | C18: ='Day 5 - Power'!C19 | E18: <7:30 = strong; <7:00 = excellent
B19: Avg row split (per 500m) | C19: ='Day 5 - Power'!C20
B21: Mountain / loaded
B22: Hill pack hike time | C22: ='Day 6 - Mountain'!C16 | E22: Same hill, same pack on re-test
B23: Elevation gain (ft) | C23: ='Day 6 - Mountain'!C17
B24: Flat ruck distance (60 min @ 35#) | C24: ='Day 6 - Mountain'!C27 | E24: Alternative if no hill
B26: Climbing / finger strength
B27: Lattice 20mm 2-arm load | C27: ='Day 4 - Finger'!E15 | E27: % BW — see benchmark guide on Day 4 tab
B28: Max BW hang time | C28: ='Day 4 - Finger'!C14 | E28: Useful for endurance baseline
B30: Body composition
B31: Bodyweight (Sun morning) | C31: ='Day 7 - Stillness'!C8 | E31: Will track 2x/wk going forward
B32: Waist (at navel) | C32: ='Day 7 - Stillness'!C10 | E32: Best single body-comp proxy
B33: Avg resting HR | C33: ='Day 7 - Stillness'!C19 | E33: Will flag readiness if +7 bpm above this
B36: What we'll do with this data
B37: 1. Set training maxes for strength block: TM = 90% of estimated 1RM.
B38: 2. Set 30/30 interval pace from the MAF test result (work pace ≈ MAF pace × 1.3-1.4).
B39: 3. Set hangboard load: max-strength hangs at ~85-90% of your max-7s hang load.
B40: 4. Set MAF retest schedule (every 4-6 wks) and lift retest schedule (every 6-12 wks).
B41: 5. Decide first 8-week cycle emphasis based on what's weakest relative to targets.
